name,category,lat,lng
Gem Plaza,mall,12.9804,77.6046
Manokamana Ceramic,mall,12.9423,77.6080
Market Square Value Mall,mall,12.9219,77.6203
South India Shopping Mall,mall,12.8909,77.5977
HyperCity,mall,12.9579,77.7161
Tibet Mall,mall,12.9338,77.6159
KLM Fashion Mall,mall,12.9568,77.7008
Brand Factory,mall,12.9565,77.6977
Grand Majestic Mall,mall,12.9774,77.5762
Star Bazaar,mall,12.9734,77.6113
Manyavar Mohey,mall,13.0048,77.5694
Kamakshi Silk,mall,13.0006,77.5695
Westside,mall,12.9826,77.6109
Foodworld,supermarket,12.9328,77.5830
Family Mall,supermarket,12.9588,77.6382
Spencers Express,supermarket,12.9592,77.6383
More,supermarket,12.9596,77.6384
Reliance Fresh,supermarket,13.0316,77.6357
Shoba,supermarket,13.0306,77.6349
Smart,supermarket,13.0299,77.6348
Big Bazaar,supermarket,13.0477,77.5743
Fresh Supermarket,supermarket,13.0263,77.6320
Foodworld Supermarket,supermarket,13.0246,77.6370
Nilgiris,supermarket,13.0492,77.5474
Smart Bazaar,supermarket,12.9172,77.5923
Reliance Fresh,supermarket,13.0043,77.5711
Reliance Smart,supermarket,13.0062,77.5694
City Supermarket,supermarket,13.0398,77.5555
Spencers Daily,supermarket,13.0400,77.5556
More,supermarket,13.0224,77.6508
Reliance Fresh,supermarket,13.0068,77.5645
Reliance Fresh,supermarket,13.0342,77.5692
Reliance Fresh,supermarket,13.0290,77.5616
Families Hypermarket,supermarket,12.9187,77.6708
Family Super Market,supermarket,12.9968,77.6045
More,supermarket,12.9998,77.5997
Arafa Stores,supermarket,12.9970,77.6041
Namdhari Fresh Frazer Town,supermarket,13.0010,77.6139
Sri Balaji Stores,supermarket,13.0143,77.5737
Mini Bazaar,supermarket,13.0069,77.6242
More,supermarket,12.9410,77.5447
Big Bazaar,supermarket,12.9266,77.5509
Food World,supermarket,12.9255,77.5502
Ragam Supermarket,supermarket,12.9644,77.7136
Smart Point,supermarket,12.9656,77.7018
New City Super Market,supermarket,12.9852,77.6736
Reliance Fresh,supermarket,12.9859,77.6689
Nilgiri's,supermarket,12.9860,77.6689
More,supermarket,12.9643,77.7147
City Pearl,supermarket,13.0222,77.6508
7 Days,supermarket,13.0229,77.6509
MK Retail Super Market,supermarket,12.9118,77.6513
Homely Organic,supermarket,13.0043,77.5653
MK Retail,supermarket,12.9788,77.6446
Reliance Fresh,supermarket,12.9107,77.5792
Reliance Smart Point,supermarket,12.8830,77.5660
Reliance Fresh,supermarket,12.9733,77.6511
Total Superstore,supermarket,12.9828,77.5592
Reliance Fresh,supermarket,13.0304,77.6080
N Stores,supermarket,12.9648,77.7173
Homeneeds,supermarket,12.9107,77.6063
MK Ahmed Bazar,supermarket,12.9053,77.5952
Nilgiri's,supermarket,13.0237,77.5921
Super Market,supermarket,13.0232,77.6004
More,supermarket,13.0252,77.6055
Akshya Complex,supermarket,13.0694,77.5451
Brothers Supermarket,supermarket,13.0900,77.5412
Maha Bazaar,supermarket,13.0049,77.5787
Smart Bazaar,supermarket,12.9261,77.6753
More,supermarket,12.9341,77.6110
City Lights Supermarket,supermarket,13.0817,77.5481
Star Bazaar,supermarket,12.9359,77.5177
Food World,supermarket,12.9210,77.5203
Reliance Fresh,supermarket,13.0803,77.5591
Food World,supermarket,13.0791,77.5589
More Supermarket,supermarket,12.9423,77.6150
Village Hypermart,supermarket,12.9568,77.7088
Food world,supermarket,12.9445,77.5722
Sowbhagya Traders,supermarket,12.9350,77.6233
Safal Supermarket,supermarket,12.9364,77.6144
Namdhari's fresh,supermarket,12.9383,77.6260
Brown Tree Super,supermarket,12.9374,77.6267
Reliance Fresh,supermarket,12.9970,77.6113
Safa,supermarket,12.9135,77.6375
Food City Super Market,supermarket,12.9232,77.6129
Fooddays,supermarket,12.9154,77.6322
New Sapna Store,supermarket,12.9185,77.6322
Reliance Fresh,supermarket,13.0086,77.5434
Reliance Fresh,supermarket,12.9070,77.5457
Shop Rite,supermarket,12.9197,77.5597
Reliance Fresh,supermarket,13.0554,77.6026
Nature's Basket,supermarket,12.9783,77.6431
Reliance Fresh,supermarket,12.9330,77.5852
Namdhari's Fresh,supermarket,12.9232,77.5850
More,supermarket,12.9170,77.5783
Ashirwad Super Market,supermarket,12.9152,77.6060
Health and Glow,supermarket,12.9964,77.5514
Hopcoms,supermarket,12.9247,77.5648
Lulu Hypermarket,supermarket,12.9936,77.6640
Smart Supermarket,supermarket,12.8949,77.6094
Daily fresh supermarket,supermarket,12.8947,77.6093
MK Ahmed Super Market,supermarket,12.9608,77.5070
Shoprite,supermarket,12.9607,77.5122
Nilgiri's,supermarket,12.8415,77.6476
More,supermarket,12.9056,77.6057
Nilgiri's,supermarket,12.9267,77.6236
Simpli Namdhari's,supermarket,12.9395,77.5854
Fresco,supermarket,12.9255,77.6699
Reliance Fresh,supermarket,12.9270,77.6699
Nilgiri's,supermarket,13.0249,77.6593
DMart,supermarket,13.0123,77.6672
More,supermarket,13.0127,77.6481
Top in Town,supermarket,12.9680,77.6518
Z Shoppe,supermarket,12.9663,77.6497
Smart Supermart,supermarket,13.0154,77.6667
Heritage Fresh,supermarket,13.0114,77.6731
Four Points,supermarket,12.8406,77.6513
Burma Supermarket,supermarket,12.9736,77.6744
Reliance Mart,supermarket,12.9659,77.5347
Megamart,supermarket,13.0122,77.6660
Royal Mart,supermarket,12.9186,77.5553
Shopper City,supermarket,12.9763,77.5320
M K Ahmed Super Shoppy,supermarket,12.9726,77.5395
Reliance Smartpoint,supermarket,12.9605,77.6018
Namdharis,supermarket,12.9596,77.6026
Richmond Supermarket,supermarket,12.9623,77.6041
Basha Department Store,supermarket,13.0014,77.6236
Safal,supermarket,12.9991,77.5678
More,supermarket,12.8379,77.6560
Aashirvad Department Stores,supermarket,13.0824,77.5880
Smart,supermarket,13.0815,77.5882
Fair Choice Supermarket,supermarket,12.9722,77.6799
Everfine Super Market,supermarket,12.8904,77.5820
Smart Bazaar,supermarket,12.8872,77.5818
Nilgiri's,supermarket,12.9725,77.6260
More,supermarket,13.0392,77.6001
Mythri,supermarket,13.0392,77.5992
Pearl City Super Market,supermarket,12.8832,77.6103
Maha Bazar,supermarket,13.0371,77.5657
Green Mart,supermarket,12.8816,77.5835
Nilgiris,supermarket,13.0079,77.5429
Reliance Fresh,supermarket,13.0322,77.5766
More,supermarket,13.0581,77.5877
A.R Minimart,supermarket,12.9130,77.5463
Ten Ten Nimma Supermarket,supermarket,12.8953,77.5863
Benison,supermarket,12.8837,77.5960
HyperCITY,supermarket,12.8761,77.5953
Relience Fresh,supermarket,12.9382,77.5561
Ample Mart,supermarket,12.8759,77.6168
More,supermarket,13.0637,77.5721
The Big Market,supermarket,13.0638,77.5722
Easy Day,supermarket,13.0815,77.5596
Royal Supermarket,supermarket,12.9007,77.5870
Grand Supermarket,supermarket,12.9063,77.6446
Star Bazar,supermarket,13.0114,77.5554
Behtar Super Market,supermarket,12.9682,77.5303
Food Triangle,supermarket,12.9309,77.6231
Casio,supermarket,13.0232,77.7706
A-One,supermarket,13.0156,77.7621
Namdhari's Fresh,supermarket,13.0205,77.7649
E K Retail,supermarket,12.8918,77.5777
G-Mart now VILLAGE,supermarket,12.9228,77.6731
HomeBuzz,supermarket,13.0215,77.6576
Village Supermarket,supermarket,12.8418,77.6462
Big Bazar,supermarket,12.9303,77.5878
Family Mall,supermarket,12.9584,77.6608
Ample Mart Supermarket,supermarket,12.9250,77.5882
Karnataka Supermarket,supermarket,12.9644,77.6062
Village Super Market,supermarket,12.9613,77.5265
Akshaya Super Market,supermarket,12.9607,77.5287
Royal Mart Supermarket,supermarket,12.9075,77.5468
Farm Fresh,supermarket,12.9093,77.5494
P K Store,supermarket,12.9964,77.7649
Namdhari's Fresh,supermarket,12.9244,77.5190
Food Mart,supermarket,13.0277,77.6617
DMart,supermarket,12.9289,77.5914
Mark & Spencer,supermarket,12.9386,77.6289
The Big Market,supermarket,12.8971,77.5859
Big Bazaar,supermarket,12.9734,77.6217
Fresh Reach,supermarket,12.9780,77.6755
Kunchum Foods,supermarket,12.9156,77.5952
Krishna Dairy,supermarket,13.0631,77.5798
Shop & Save,supermarket,12.9073,77.5600
Easy Supermarket,supermarket,12.9559,77.6535
More,supermarket,12.9588,77.6543
Nilgiri's,supermarket,12.9729,77.6074
provision store,supermarket,12.9302,77.5891
Top in Town,supermarket,12.9534,77.6526
Safal Fresh,supermarket,12.9403,77.6025
Ceekay,supermarket,12.9605,77.6370
Top In Town,supermarket,12.9564,77.6380
SLV Stores,supermarket,12.9483,77.6214
Food Basics,supermarket,12.9320,77.6179
Namdhari Fresh,supermarket,13.0208,77.5930
Family Food House,supermarket,12.8865,77.6064
Sunshine Supermarket,supermarket,12.8509,77.6535
Royal Mart,supermarket,13.0938,77.5712
Reliance Smart Point,supermarket,12.8936,77.5862
Kaveri Departmental Store,supermarket,12.9757,77.6671
Reliance Fresh,supermarket,12.9366,77.5752
Nilgiri's,supermarket,12.9590,77.6521
Nandini Milk Parlor,supermarket,12.9963,77.6577
Shoba,supermarket,12.9571,77.7018
Star Bazar,supermarket,12.9760,77.5320
Nisha Supermart,supermarket,13.0020,77.6319
Reliance Fresh,supermarket,13.0014,77.6308
Nature's Basket,supermarket,12.9337,77.6230
More,supermarket,13.0247,77.5484
Total,supermarket,12.9586,77.6568
Nature's Basket,supermarket,13.0057,77.5807
Nilgiri's,supermarket,12.9793,77.6432
Magizh Groceries,supermarket,12.8792,77.6383
Grand Hypermarket,supermarket,12.8356,77.6914
Reliance Fresh,supermarket,12.9930,77.6806
Sree Manjunatha Stores,supermarket,12.9751,77.6517
More,supermarket,13.0580,77.5919
The Big Market,supermarket,13.0624,77.5930
Thilags Market,supermarket,12.9684,77.6701
Hopcoms,supermarket,12.9188,77.5204
Lake View Supermarket,supermarket,12.9875,77.6190
Parimala,supermarket,12.9239,77.5969
Maha Bazar,supermarket,13.0149,77.6336
Star Bazar,supermarket,12.9554,77.7124
Loyal World Retail Mart,supermarket,12.8899,77.6734
Nilgiri Supermarket,supermarket,13.0026,77.5981
More,supermarket,12.9590,77.6569
Reliance Fresh,supermarket,13.0634,77.5907
Aishwarya Supermarket,supermarket,12.9083,77.6447
Reliance Fresh,supermarket,12.9974,77.5485
New Akshaya Mini Bazaar,supermarket,13.0017,77.5506
Simply Organics,supermarket,12.9939,77.5513
Reliance Smart Bazaar,supermarket,13.0123,77.5535
Food World,supermarket,13.0215,77.5924
More,supermarket,13.0195,77.6783
Spar,supermarket,13.0454,77.6268
Spar,supermarket,12.9917,77.5707
Capital Hypermart,supermarket,12.9489,77.6883
Ideal Supermarket,supermarket,12.9443,77.6526
BN Sreekantaiah and Sons,supermarket,12.9306,77.5842
99 Grocer,supermarket,12.9481,77.6797
SLN Super Market,supermarket,12.9115,77.6242
Vishal Mega Mart,supermarket,12.8975,77.5999
Hypercity Retail,supermarket,12.8759,77.5958
Yemkay Supermarket,supermarket,12.9417,77.5561
Sweet Chariot,supermarket,12.9849,77.5541
Madeena Supermarket,supermarket,12.9948,77.6107
More For You,supermarket,13.0353,77.5536
Samarth Rice Traders,supermarket,13.0152,77.6562
Four Point Supermarket,supermarket,12.8406,77.6511
Ahmeds Retail,supermarket,13.0235,77.6090
New Kiran Super Bazar,supermarket,13.0436,77.5533
Reliance Fresh,supermarket,12.9656,77.7018
SLN Super Market,supermarket,13.0943,77.5459
Ma Green Fresh,supermarket,12.9524,77.6980
Food Mart Supermarket,supermarket,12.9558,77.6931
Shopping Day,supermarket,13.0273,77.5782
Athulya Home Needs,supermarket,12.9487,77.7036
Shoba Supermarket,supermarket,12.9150,77.6352
Gateway Super Bazaar,supermarket,12.9729,77.7012
Food Mart Super Market,supermarket,13.0043,77.6135
City Super Bazaar,supermarket,12.9561,77.7168
Fine Fare Departmental Store,supermarket,13.0258,77.6277
Value Bazaar,supermarket,12.9672,77.6828
Miami Supermarket,supermarket,12.9492,77.7024
Varity Bazar,supermarket,12.9671,77.6810
Relation Super Market,supermarket,12.9509,77.7151
Namdharis Fresh,supermarket,12.9661,77.6375
Plaza Supermarket,supermarket,12.9721,77.6987
Home Magic Mini Bazar,supermarket,13.0160,77.6844
Buy Right Super Store,supermarket,13.0119,77.6985
I Mart,supermarket,13.0393,77.5537
Maataji Provision Store,supermarket,12.9678,77.6634
Reliance Fresh,supermarket,12.9165,77.6047
Sri Balaji Planet Supermarket,supermarket,13.0597,77.4607
The Big Market,supermarket,12.8977,77.6210
Span Retail,supermarket,12.8925,77.6117
Heritage Fresh,supermarket,12.9052,77.6114
Seven Days Supermarket,supermarket,13.0246,77.6559
Spencers Supermarket,supermarket,12.9733,77.6468
Allday Supermarket,supermarket,12.9194,77.6159
Pick N Save Wholesale Market,supermarket,12.9229,77.6175
Day To Day Super Market,supermarket,12.8965,77.6109
Star Bazaar,supermarket,12.9367,77.6105
Yemkay Supermarket,supermarket,12.9884,77.5368
Reliance Fresh,supermarket,12.8986,77.6268
Stop & Shop Supermarket,supermarket,12.9084,77.6765
Food Palace Supermarket,supermarket,12.9138,77.6492
Village Super Market,supermarket,12.9996,77.6231
Devi's Shop,supermarket,13.0945,77.5859
Ambika Provision Store,supermarket,12.9881,77.4734
R R Provision Store,supermarket,12.9841,77.5289
Multi Mart Super Market,supermarket,13.0902,77.6024
Dazzle Super Market,supermarket,13.0990,77.5768
Royal Mart,supermarket,12.9853,77.4799
Reliance Fresh,supermarket,12.9736,77.5446
M K Retail,supermarket,12.9727,77.5392
Reliance Fresh,supermarket,12.9070,77.5458
More,supermarket,12.9717,77.6556
Galaxy Mart,supermarket,12.8699,77.5971
Grand Mini Bazaar,supermarket,12.9488,77.7092
Annadata Farms Market,supermarket,12.9868,77.6888
Day to Day,supermarket,12.9678,77.6700
More,supermarket,12.8810,77.5989
Poorna Enterprises,supermarket,12.8983,77.6080
Nice Mart,supermarket,13.0552,77.6009
Shop Ink,supermarket,13.0320,77.6606
Happy Shoppy,supermarket,13.0089,77.6428
China Bazaar,supermarket,13.0076,77.6408
Mini Bazaar,supermarket,12.9908,77.6703
Patanjali Mega Store,supermarket,12.9642,77.7143
Garden City Supermarket,supermarket,13.0668,77.6385
RoyalMart,supermarket,12.9192,77.5512
Reliance Fresh,supermarket,12.8997,77.6753
Reliance Fresh,supermarket,13.0662,77.5972
Bangalore Fresh & Fresh,supermarket,12.9037,77.5918
Loyal World Market,supermarket,12.9596,77.7474
Freshworld Super Market,supermarket,13.0087,77.6556
Top in Town,supermarket,12.9690,77.7389
Metro Cash and Carry,supermarket,12.9264,77.5027
Kamath Stores,supermarket,12.9645,77.6135
Fathima Store,supermarket,12.9922,77.6045
Ample Mart,supermarket,12.9251,77.5883
More,supermarket,13.0089,77.6558
Foodmax,supermarket,13.0667,77.6399
Real Mart,supermarket,12.9568,77.6604
Thriveni Home Needs,supermarket,12.9549,77.6587
A to Z Supermarket,supermarket,12.9554,77.6571
KBS Family Mart,supermarket,12.9377,77.5492
Dhanalakshmi Departmental Stores,supermarket,12.9388,77.5530
J.K. Traders,supermarket,12.9388,77.5528
Safa Supermarket,supermarket,12.8853,77.6561
DMart,supermarket,12.8429,77.6741
Spar,supermarket,12.9077,77.6009
Families Supermarket,supermarket,13.0493,77.6039
Green Father,supermarket,12.9694,77.6937
Max Shoppee,supermarket,12.9688,77.6936
Safal Daily Fresh,supermarket,12.9673,77.6566
Patanjali Store,supermarket,12.9100,77.5499
Happy Pockets Supermarket,supermarket,12.9100,77.5501
Saraswati Supermarket,supermarket,12.9092,77.5527
Nuts Corner,supermarket,12.9378,77.6994
Ayush Fresh Patanjali,supermarket,12.8759,77.6132
Metro Cash and Carry,supermarket,12.9652,77.5617
Spar,supermarket,13.0939,77.5947
Nice Mart,supermarket,13.1215,77.5764
Nilgiri's,supermarket,13.0182,77.6433
Maha Bazaar,supermarket,12.9174,77.6493
Rice Corner,supermarket,12.9762,77.5518
Arogya Organic,supermarket,12.9001,77.5859
Reliance Smart,supermarket,12.8909,77.5978
Organic World,supermarket,12.9118,77.6515
Families Supermarket,supermarket,12.9844,77.7085
Ideal Supermarket,supermarket,13.0206,77.6837
M K Retail,supermarket,12.9781,77.6371
Mulberry Greens,supermarket,13.0038,77.6228
Royal Mart,supermarket,13.0174,77.7042
Eastern Super Market,supermarket,12.9974,77.5476
More,supermarket,12.9496,77.7158
Shree Ramdev Medicals,supermarket,12.9512,77.7156
FreshCo,supermarket,12.8985,77.6583
DS Supermarket,supermarket,12.9282,77.6718
7 Days,supermarket,13.0204,77.6367
Black Village Organic Food Store,supermarket,12.9885,77.5931
Superstore,supermarket,12.9761,77.6391
Nilgiri's,supermarket,13.0116,77.6679
Green Mart,supermarket,12.9044,77.6914
Nature's Basket,supermarket,12.9567,77.7319
More,supermarket,12.9648,77.5305
The Big Market,supermarket,13.1455,77.5695
DMart,supermarket,12.8539,77.5883
DMart,supermarket,13.0334,77.6375
Athulya Departmental,supermarket,13.0075,77.5485
Shopwel Mart,supermarket,12.9907,77.5870
The Brigade Hypermart,supermarket,13.0522,77.6462
Shop@rite,supermarket,13.0577,77.5465
Vishal Mega Mart,supermarket,13.0296,77.5611
Royal Mart,supermarket,13.1141,77.5789
